text,label
It’s still Jokic. No one has the two way impact he does and he’s an absolute rock. Nuggets don’t have a lot of depth and they had too many injuries,hot_take
Hard to believe that Rick Carlisle is ranked 11th after getting the Pacers to game seven of the finals with a chance to win it all. I thought he out coached Daigneault.,analysis
"No one's ever had to do this by the way. Of All of the 70+ games in the recent past, no player has had to explain themselves as to why they scored that much instead of getting subbed out.",analysis
Absolutely deranged,hot_take
"Shai’s dropped in the rankings after a pretty ordinary WCFs, so no. 2 is probably Giannis.",hot_take
Everyone will be looking to just harass him and hound him on offence now and he’s going to have to deal with a tonne more big men banging into him to try and keep him to the perimeter.,hot_take
Jock totally voted for himself,hot_take
"Only because you HAVE to have the finals MVP. Jokic didn’t get his team there. Yes, Jokic is the best player along with Luka, but you have to have the MVPs…regular season, defensive POY, and finals MVP.",hot_take
Not delusional. Trying to control the narrative.,hot_take
"GOAT conversation should be - HOW DOMINANT WERE YOU IN YOUR ERA. Everything is different today than it was 20+ years ago: training, dieting, traveling, medicine, technology, emphasis on the 3 ball, players are bigger and stronger today. Otherwise, the GOAT will always be the most recent great player in the league.",analysis
Did they just poll the whole Celtics team or what?,hot_take
Jalen Brunson. He earned it,hot_take
"9-10 Brown, Brunson in any order.",hot_take
What is this lunatic even saying,hot_take
Mazulla def ain't number 1 now,hot_take
Brunson is magical down the stretch of a game in terms of shot making and willing his team to a win.,hot_take
"People are misusing the 6-0 argument to the point of purposefully making it look dumb. The most impressive thing about the 6-0 argument is that once MJ reached the peak of the NBA in 1991, he remained there for the rest of his Bulls career until 1998. There is literally no one else in modern NBA history that has sustained such a level of winning.",analysis
How did someone finally get him to talk about this??? LOL,hot_take
Rudy is great player but players don't want him to be,hot_take
There's no deduction when you have no Legacy Points,hot_take
Rudy and Kat overrated? How many conference finals have they made recently! Plus they are both up 1-0 this series? Gimme a break.,hot_take
"Looking at the numbers, I'm guessing only 90 players voted and they required a minimum of 2 votes to put a player on the list. 14 players around the league calling out Haliburton doesn't mean much in the grand scheme of things.",analysis
yeah I remember last season people here were saying that he's gonna be better than cp3 lol,hot_take
"I do get annoyed watching some players foul bait, but I was rooting for Bam here. That ending was cinema",hot_take
"It's purely from scoring, I just don't think players value passing or facilitating that much.",hot_take
"Yea 50s were very relevant for the time when he came there, lmao",hot_take
These lists are kinda funny given how the playoffs have gone so far.,hot_take
All time Bus Rider talking,hot_take
Giannis Luka and Shai are the next 3 in any order.,hot_take
"That being said, as we can’t have a complete player on both ends, Brunson is currently the best player in the NBA, he scores against anybody on the highest level of defense and lack of calls. Saying this as a Serb. Guy lost one game in a playoff- what does he have to prove?!",hot_take
Luka and Jokic are the best offensive players but their defense leaves a lot to be desired at their position. Shai gives you one of the most reliable individual offense today while being a plus on defense.,analysis
So everyone on that list received a single vote.,analysis
"MJ's early round losses were because he had an awful team just coming off of a cocaine era. His team was the lower seed. They went up against all-time teams. MJ was 6-0 in the Finals against great teams with marquee players. Of LeBron's Finals losses, only the Dallas one was when he was on the favored team.",analysis
"Hali is one of the best passers in NBA history, no cap",hot_take
Kobe would be calling everyone in Washington soft like Charmin and hyping up Bam for getting 80+ cause this is what happens when you have an old school paint dominant big with a mismatch and soft rules that won't let anyone play D. But it's not like the Wizards wanted to anyway.,hot_take
"I'd agree that it's one of SGA, Jokic, Wemby.",hot_take
"I love Brunson…. He seems to be all about winning… He plays hard.  He is not in the discussion of best player in the league.  I mean, maybe 12’th best?",hot_take
"If spurs calls the Lakers and offer a Wemby for Luka swap, only one of these franchises will have fans happy with the trade.",hot_take
All respect to Kobe - but is every player just supposed to stop shy of achieving something monumental for the rest of time in order to pay respect to Kobe?? Like what are people smoking,hot_take
"LOL. That is the most childish take I’ve heard. By childish, I mean a kid who gives the dumbest excuse thinking their parents will buy it. Oh no, I didn’t sneak out! I heard some noise outside my window so I went out to investigate. You just saw me coming back in after I realized it was nothing. Why didn’t I go out the front door? Because the window is closer of course.",hot_take
Adam Silver's NBA sucks,hot_take
if the public narrative surrounding him stays like it is he just cant fucking handle it,hot_take
I think the retirement helped honestly. Lebron going to 10 finals in a row is crazy straining mentally and physically. You hear Steve Kerr talk about it and they only did half the amount. You see this was lebron's best regular season in a while especially on the defensive end because he had a full offseason to regroup.,analysis
"This isn't an exaggeration, in the last month, Haliburton has had 156 potential assists and 3 bad pass turnovers",analysis
It says something that I think many fans were more worried about CJ McCollum than Jalen Johnson that series,hot_take
And the one year he missed he was the only person on his team who was old enough to rent a car,hot_take
"Also most people don't know about the Chamberlain 100 game, the PA announcer started calling Wilt's total once he hit (ironically) 81 points ""81….thats 83!"" and that's when everyone became aware of where Wilt was at and started force feeding him, and kids in the crowd started shouting ""We want 100!""….Wilt started to force the issue despite being double teamed. Wilt actually missed three field goals in a row before finally putting one in at the basket for #100. The Chamberlain game did not happen ""organically"" once he got into the 80s",analysis
"I'm pretty sure the players are basing it off of contract size. Like, they probably don't think a guy like Rudy deserves his contract",analysis
He will reuse this statement to justify when he joins Knicks or okc next lmao,hot_take
"I'm sorry, are there fucking losers out there that think professional athletes should pull their punches and not try their best out of respect for those that came before them?",hot_take
WTF am I hearing? Dude just scored 83 points and has to explain himself? Like someone wants him to apologize for something? Fuck the media!,hot_take
Looks like Shaq's years-long hate campaign against Rudy and KAT has been working. 2 of the only players on either list directly responsible for playoff wins right now.,hot_take
"Join a 73 win team that lost in 7 in the finals without their center, that won the chip the prior year, has the MVP of the last two years (including unanimous MVP), DPOY, coming back Intact and probably favored to win Chip even if KD doesn’t come… yeah lol, real underdog.",analysis
Him being in the league makes him overrated,hot_take
Scottie on both underrated and overrated,hot_take
I thought he was French not German?,hot_take
It’s either Shai or Wemby or Brunson.,hot_take
lmao did the Athletic poll exclusively Bill Simmons for this?,hot_take
"its shai, b2b mvps and the reigning mvp, 1 finals mvp and a chip",hot_take
"Yeah i think it was reported that he expected to be best buds with the guys like he was with westbrook in okc, and it turned out they were more like good coworkers.",hot_take
Lmao this dingus still thinks joining the Finals winner is “the hardest road” and the only difficult thing about it is his lack of self awareness about it,hot_take
Delusional Embiid fan here hoping for a miracle.,hot_take
"Oh it will be remembered. Every detail. This is the internet age. How Kobe got 81 gets evaluated constantly, as well as Wilt's. Bookers 71 gets ridiculed all the time because of context",analysis
The underrated player one is pretty useless given that no one received more than 4% of the vote (6 votes out of 151 ballots).,analysis
"Cameras got really good towards the 90's and I honestly think that's why KAJ gets forgotten alot. The footage didn't look as cool as it does now, and it looks alot better in the 90's than it did in the 80's.",analysis
"best in the world is usually a unanimous, or widely accepted, opinion and it's far from that for any guy heading into next season",hot_take
"I don't get it how Jordan retiring in his prime always gets brought up as a way to defend him. If he didn't, then maybe he'd be cemented as the #1 of All-Time by a longshot with 8-straight rings. But he did retire, and that's 100% on him in doing so.",analysis
I do agree that it is insane that Curry remains so effective given the defence they put on him,hot_take
Brunson ahead of Jokic?,hot_take
He's not wrong,hot_take
Just look at the Heat earlier in the 2010's and Warriors teams of recent years. Those teams were formed and everyone thought the league was doomed for the foreseeable future. Yet neither of those teams had a three-peat.,analysis
I think the best is still Jokic followed closely by Wemby.,hot_take
"Even as a huge Lebron fan, I agree with this analysis. It's fine to say Jordan is better. If you're saying 'not close', I think you're not being objective. Lebron seems like a lock to be at least #2 all time.",hot_take
"He admitted that his first retirement was because he was exhausted, stressed, and hated the constant attention. Retiring in his prime is what let him continue to keep focused and perform when he returned to the league. Seems likely he could have ended up burned out before reaching six had he not retired.",analysis
In his mind he helped a struggling/weak team win championships lmao,hot_take
"EDIT: If it wasn't clear, fuck Barstool",hot_take
"They were questionable, but why the hell were the Wizards sending three defenders at a time to FOUL him?",analysis
I am overrating him just so people can say he's overrated,hot_take
The thought of Steven Adams voting for an Aussie center on the same team makes me so happy.,hot_take
I'd have to assume Rudy falls of this list if the voting happens today.,hot_take
Imagine joining the Bulls in ‘93 and pointing at everything before the previous 5 years as to why they’re the underdog and needed help.,analysis
Wemby collapsed in the finals,hot_take
"Their styles of leadership also reflect their eras. The no zone defense, no soft double, rules of the 90s made being an iso scorer a much better way to lead a team. The modern rules of no handchecking makes floor general leadership much better. That's another reason it's so hard to compare them.",analysis
Just ends up being who you don't like which Gobert is always close to the top of lists so it checks out.,hot_take
[NYK] Langston Galloway,hot_take
Jordan is the GOAT because he denied eventual hall of famers their chance at winning a chip. He kept them out of championship history.,hot_take
Except for that one hilarious game when Big Nepo Keljin Blevins' dagger threes literally knocked the Lakers out of the playoffs.,hot_take
A lot of people dont realize Bird/Magic saved the NBA. Then Jordan came along and made it a global sport.,analysis
"The Thunder/Sonics had been winning WAY too much for his liking over the last 50 years, duh. He needed to take the harder route.",hot_take
"We don't have a clear cut best player at the moment. Every one of the top 5 guys has a flaw.  SGA doesn't involve his teammates enough, Wemby is too inconsistent on offense, Joker and Luka aren't great defenders, Giannis has become injury-prone and hasn't developed an outside game.",hot_take
"Yes and no. It's not a sign he's necessarily reviled around the league, but 90 players out of a league of about 400 is a pretty decent sample size",analysis
"Jokic had a disappointing exit, got locked up by goober",hot_take
Reminds me of Jalen Rose asking to double Kobe lol,hot_take
kobe got to 80 with free throws when the game was out of reach. he didn't need to be in the game when it was 120-102 with 1:47 left.,analysis
"Jokic and Shai still have an extremely reasonable case to be BITW but I genuinely don’t understand this logic. Jokic and Shai had objectively worse postseasons than Wemby, and I don’t mean from a results oriented impact either, I mean their actual performance in terms of impacting winning for their team. Any advanced metric you use has Wemby as having had a greater impact on winning per game, in a much larger sample size (which brings your numbers down, not up usually) as having had a better postseaosn than Shai and Jokic and it’s not even close really. This matches the eye test and the logic test too, they both had there bad series in earlier rounds and everyone was saying Wemby was better until the finals.",analysis
Jesus this is so incredibly pathetic. You can own up to the burners but use THIS logic when joining an active potential GOAT team/ the team that just bounced you?,hot_take
"Jalen Johnson may have been top on this list before the series, definitely shouldn't be #1 now. Big believer in him long term but the lights were too bright for his first Playoff.",hot_take
A 73 win team who had already won the title. Just absolutely delusional on his part to act like they were an underdog.,analysis
"Triple team. Double team full court press. Fouling other players instantly so bam wouldn't get the ball, down by 20 cuz they dont wanna be remember as the shit team that got 83 scored on them. Take your lick.",analysis
"Respect to the guys who voted, nobody who made it to the NBA is overrated",hot_take
"Steph winning in 2022 is probably the worst thing that ever happened to KD's mentality. People instantly put Curry over him all time, said they would've won if they replaced Barnes with an even average SF. Must kill him because before that Steph vs KD was a reasonable debate, after 2022 it was Lebron, Steph, then a massive drop to KD.",analysis
Also the comments about it happening against the Wizards… Kobe's 81 point game was against the 27-55 Raptors.,analysis
Man shut up KD. You know exactly what you did,hot_take
Chris Finch not in the top 5 there is crazy,hot_take
There was a vote a few years ago and someone said Killian Hayes lmao,hot_take
Well if you look at his stats this season he really underperformed.,hot_take
"I think barring injuries (which really could cause this to be his peak, or cut his longevity much shorter), I really just don’t get this. He visibly has made massive improvements every single year so far. His offense by any advanced metrics has made significant improvements every single year so far. He’s 3 years into the league and every single year his offense has statistically improved by any analytic measure but now he’s peaked on offense? And even if Dylan Harper becomes a better offensive player than Wemby (big if), Wemby has the greatest advanced defensive metrics since we started using advanced plus minus data already. He’s still very likely to be the consensus best player on the team (barring injuries) even if Dylan becomes a better offensive player.",analysis
How can trae constantly get snubbed for all star yet he's top 3 most overrated players,hot_take
Wemby or Jokic or SGA.  Maybe Brunson.,hot_take
I'm sure the entire Celtics team is underrated,hot_take
Lmao most of the underrated players stinking it up in the playoffs while the overrated players did pretty well (minus Sengun). The irony,hot_take
"KD, they had won 73 games and were inches away from going back to back with the same core you joined. Just admit you went there because you didn’t think you could win in OKC and move on.",analysis
"For the record, none of those fouls resulting to FTs were flops. Un-ethical my ass.",hot_take
Softest superstar of all time,hot_take
"the ""ethical basketball"" discourse as a whole is tiring and ridiculous in general, i can't imagine watching the sport in that way",hot_take
History won't remember meaningless discourse like this.,hot_take
It's probably bc he was talked up as a superstar last year when he was playing at a legit superstar level through December,hot_take
"People also always seem to forget that Jordan only missed one year of the playoffs, not two. He came back in 94-95 and got knocked out by the Magic in the 2nd round",analysis
"He would still get shit on, there would just be one less thing to shit on him for tho lol",hot_take
"I know it's because he died but it's so strange how Kobe was one of the most relentlessly competitive players ever and yet people act like you're not allowed to challenge him, his records, or his accomplishments",analysis
"There are four players who have had this crazy type of perennial playoff runs: LeBron, Jerry West, Elgin Baylor, Bill Russell. And it's fair to say that LeBron had the tougher road because there are many more teams today than in the 50s and 60s. Jordan had a stretch for sure, but it was broken up by a retirement.",analysis
DPOY but doesn't have the BBIQ to not just CONSTANTLY be in foul trouble,hot_take
It’s crazy how somebody can have everything in life but still be so insecure. But some people are just like that,hot_take
It’s something they can’t “control.”  Their “basketball legacy” ranking.,hot_take
"When Spo was asked if it was ""ethical"" he said it's unethical that people who didn't watch the game are commenting on it",analysis
"The real answer is JJJ, who is about to get a $40-50M a year contract extension. 3rd scoring option and can't rebound despite the height.",analysis
"SGA, Joker and Wemby are clearly ahead of Luka, JT and Giannis. Lakers fans are a big voice in this sub and try to push their narrative with downvotes but reality is what it is.",hot_take
"If Wemby can improve his stamina for the whole game, or find a killer reliable moves utilizing his height advantage, he'll go up the list. We'll see",hot_take
Pretty sure I do. But thanks,hot_take
"He went to 10 in 14 years. He literally only missed the finals 4 times in 14 years, 1 of those years he was injured, and 3 he had bad teams around him. Crazy",analysis
Best player is tough,hot_take
Hate to nitpick here but MJ had 'the second best team in history' largely because he was on it.,analysis
Good guy KD helping the poor underdog team with a two time MVP and a DPOY,hot_take
"""they weren't my friends, just nba champions of the worst team in the league 'historically'""",hot_take
"I'm coming around on this perspective too. Jordan's six titles, although technically are two three-peats, are treated as a six-peat due to his retirement. That two year gap should not benefit Jordan's argument as GOAT. It should harm it. LeBron and Kawhi get crap all the time for load management. Meanwhile, Jordan took a year and a half off in his prime.",analysis
"You could even (truthfully) say that whilst you thought OKC had a chance to win, you saw the opportunity to create literally the best basketball team in history and just didn't want to pass that up.",hot_take
"Even then, those underdog warriors had 2 championships in that decade 😂",analysis
damn KD really is just a fucking douchebag.  Sad,hot_take
"LeBron gets to play something like 33% more first round games than Jordan due to the change to a best of 7 format, thus making a sweep 4 games instead of 3.",analysis
by that logic Wemby is far ahead of anyone else cos he is young and on a rookie contract,hot_take
Craziest shit I’ve ever heard - yeah good on you for joining the scrappy underdog 73 win team,hot_take
NYT as well. They def got the entire Knicks team hahaha. He was good in that series not great and they all wanted Brunson on team USA,hot_take
"lol how could trae be overrated, people rate him so low",hot_take
"We don't look at MJ's finals opponents as truly great teams quite simply because the Bulls put them to bed every year, while in LeBron's prime era, teams and other players have had a lot of success against him so we hold the Spurs and Mavs etc to a much higher regard than the Stockton/Malone Jazz.",analysis
LMAO this dude is still tryna convince himself he didn't take the easiest way out,hot_take
Fam…I saw fouls for no reason other than getting the ball back and missing free throws on purpose to get the ball back. Come on.,analysis
"All I’ll say is that Wemby seems like he’s getting actively punished for having his stinker in the finals rather than in earlier rounds in these rankings. Through I pretty much any statistical measure he was the best playoff performer this postseason, a top 3 regular season performer, and the best regular season player since February. Jokic has a stinker in the first round and Shai is significantly worse in both the series than Wemby was in his first 2 rounds before he plays Wemby in which Wemby clearly outplays him.",analysis
Poor GSW only winning 73 games the season before,hot_take
"I think its important to remember, when it comes to these lists, that a lot of players are dumbasses.",hot_take
"The Simone Biles of mental gymnastics, the Olympic flame of burners. 🔥",hot_take
"Milwaukee Bucks GM, Jon Horst.",hot_take
Bro genuinely lives in his own reality,hot_take
I think some guys are salty he got picked for Team USA for Paris,hot_take
"Wemby is not offensively as good as Jokic, he basically gambles with shooting and doesn’t provide much threat with a ball. Defensively he is amazing, but there is much more potential (OG and KAT were passing by him easily).",analysis
Players value offensive bag more than defensive prowess and Rudy just has very little skill on that end.,analysis
"This is from the Athletic, they're owned by the NYT but they have beat reporters covering every team.",hot_take
Gobert is underrated,hot_take
Probably made burner accounts to do it,hot_take
How tf is Giannis overrated when he is literally being ignored in favor of the SGA and Jokic fiasco.,analysis
I actually love his reasoning.,hot_take
"These nerds bringing up ethical basketball. They ruining everything. What even is that, there is only basketball.",hot_take
Ethical basketball is such a karen term,hot_take
They are making this dude defend for being the highest scorer in modern NBA. WTFF.,hot_take
Mfer should've signed with the timberwolves if he wanted to help some loser franchise,hot_take
That's my top 10.,hot_take
"The Bulls' three first round losses were against the 59-win Bucks in Jordan's rookie year, and back-to-back against the Celtics dynasty of Bird-McHale-Parish. It's safe to say those teams are better than any team LeBron ever faced in the first round.",analysis
"Feel like some people can see Tyrese as overrated as he doesn't put up the numbers you'd associate with a franchise player. Guy makes his teammates better, and his ability to make the right play and create advantages is huge.",hot_take
"When Jordan played, a lot of the talent was in the east, that's why he was not able to get out of the east until he was easily ready to win a championship, as getting out of the east meant beating champion teams like the Celtics and Pistons. For LeBron, the east was a lot weaker and he was able to get to the finals when his team was not ready to win, see 07. This is why Jordan has an undefeated finals record and LeBron has made an ungodly amount of finals.",analysis
This goes to show that this era is so shit that even Bam can score 83. I don't want to hear no one say MJ couldn't average 50.,hot_take
"Because that's Jordan's main argument for being the GOAT. Leading 2 separate 3-peats, and winning 6 Finals MVPs will never be done again. Russell got the most chips, but people don't really include him because his numbers never looked that dominant, and there's the idea he played in a very weak league.",analysis
"Jordan didn't have to face a dynasty like the Warriors. Yeah, because Jordan created and was the dynasty.",analysis
Players might be just voting for guys they hate,hot_take
We're talking about 13 votes in a 90 person sample. Hardly representative.,analysis
"You're giving MJ shit for losing in the first round to the Larry Bird Celtics twice? A team that had four future Hall of Famers? In 1986 the Celtics won the title. The next year, the Bulls again lost to Boston in the first round, and the Celtics again went to the Finals.",analysis
Nah you can’t lose in the playoffs like that in the first round and still be the best player in the world,hot_take
"The way people talk about his defense makes me feel like I've gone insane. The number of games he plays half the game because he can't help simply not reaching, swiping, or bumping is insane.",hot_take
"Joe Mazzulla was completely outcoached by Nurse in their series. He won with an absolutely loaded roster once and hasn't done anything since. He'll be riding that one win for a decade, he's basically Doc Rivers 2.0.",hot_take
Jordan - Higher peak. LeBron - Not quite as high a peak but for longer. Thats the argument between the two at this point anyone going ringzzzz at this point is just dumb. I lean Jordan but its insanely close and people honestly overlook KAJ in the all-time debate as well.,analysis
A lot of great players but I wouldn't consider any one to be above the others.,hot_take
Huh I wonder if any of those votes would change after the celtics blew a 3-1 lead to a 7 seed,hot_take
Bro they won without you both BEFORE you joined and AFTER you left.,analysis
The man won 6 championships in his last 6 full years with the same franchise. That will never happen again. There is an entire era of great players who don't have a ring because of Michael Jordan.,analysis
Curry. No other player is guarded like curry.,hot_take
"It's still gonna stay between those guys, realistically. Wemby would be my pick of course. But I will not sleep on Luka. He's been disrespected way too much.",hot_take
he doesn't have to explain himself,hot_take
Ive noticed a lot of athletes do this and then when they retire they realize they shit on their main fan base and have little real fans lol,hot_take
"Predictable tbh, for a group of people who are obsessed with 1 on 1 play and having a bag",hot_take
This sub will do mental gymnastics to explain to themselves why players think Gobert isn't as good as Reddit thinks lol. The answer is obvious: they don't think he's that good.,hot_take
KD was very brave to join such a hopeless organisation.,hot_take
IMO same answer for the last half decade +.  Joker.,hot_take
"The GOAT discussion is a 3-man race to me between LBJ, MJ, and KAJ. Considering his peak ability, longevity, and career accomplishments, it's a shame he isn't in these conversations as a default.",hot_take
Legacy points deducted,hot_take
"He was shit on for early season struggles, but in 2025 is 20/10/3 on 43% from 3 and 1.5 TO.",analysis
"No one is discounting MJ's losses, it's just that 6 is a lot better than 3. If LeBron gets to 5 then it's a much closer discussion but MJ had a better peak and was also a better scorer and defender IMO",hot_take
"I HAVE scored 83 (lifetime total, in my driveway) so I feel qualified to say: if the Wiz didn't like him scoring 83, they should have stopped him from scoring 83.",hot_take
"SGA. Jokic was a bit disappointing from my perspective this year, same with Wemby. Shai has just been consistent all round especially with that 20+ point game streak, although Wemby & Luka have been amazing too and not far off.",hot_take
Only 81 players voted. Don't take this too seriously.,analysis
There's a reason players all drool over Kyrie,hot_take
Jaylen Brown definitely voted for himself lmao,hot_take
100% lmao if anything he's underrated at this point for how much hate he gets lol,hot_take
"Siakam at the elbow and more touches in space. Haliburton as a screener and off ball more so he can catch the ball in space and mess with OKC's switching. Staggered screens into PNR with the weakest guard. Haliburton rejecting screens more, more aggressive earlier and just taking advantage of how aggressively OKC help. Doubling SGA in the post from different angles, changing up the types of screens he sees and closing the angle of the screens so he can't split them.",analysis
"Analysis like this is so refreshing compared to the usual garbage like 'one team wanted it more' or 'the Pacers didn't win, the Thunder just lost'.",hot_take
Makes the comments from Chuck's interview with Tyrese about Siakam's aggressiveness sound shallow when the real change was that the coaching staff put Siakam in a better position to succeed.,analysis
"Thing is it's a much easier adjustment for the Pacers, who are used to having a high motion offense where lots of different guys take turns as the lead ball handler, compared to OKC where most of the team is almost always playing off of SGA.",analysis
Carlisle took lessons from the Warriors offense after seeing OKC guarding Hali like Steph Curry.,analysis
"The biggest thing I've noticed is how much the Pacers change it up, even for plays that are working. OKC can't easily adjust if their plays aren't following the tape on them. On defense, SGA is the MVP for a reason. So the Pacers are giving him so many unexpected looks, such as the diagonal double team. That one little wrinkle throws him off a half second more because it breaks his expectation for where to find the open man.",analysis
"There's an interesting OKC weakness on defense. They're so good on moving one step ahead of the action — anticipating the screen, giving help defense in the early shot clock on dead spots then quickly coming back — that it usually feels like they have 6 defenders. Indy is the first team to exploit this over helping. Hali attacks this specific point in the defense, turning their strength into weakness.",analysis
"Carlisle has grown as a coach since being ousted from Dallas. He's done an unbelievable job elevating the talent of the Pacers. This team has been staging big comebacks and finding ways to manufacture points in critical moments, but also scheme defenses which gives his guys a chance.",analysis
"Carlisle always has 'that guy' off the bench as a curveball. It was JJ, then it was Brunson, and now it's TJ.",analysis
"Carlisle has a good track record of making game-to-game adjustments, like when he adjusted and Dallas won the last 3 games against the Heat in the 2011 Finals. The Mavs were underdogs, much like the Pacers were underdogs going into the OKC series.",analysis
"That motion offense with the 3, 4, 5 high handoffs of the ball before someone attacks the basket with a drive or pass is gone. That was a staple of the first 3 series. It was 90% of the half court offense. Rick just switched it up seamlessly in the finals after game 1.",analysis
OKC defense weakness last year was their lack of size. Chet had a positive +/- in almost every game of a series they lost — the Mavs feasted on the fact that OKC had no backup big and couldn't handle physicality.,analysis
"Don't put Caruso and Dort in for so many minutes together. You can't rely so much on SGA on offense, you need 2 other good scoring options. Rely too much on SGA and he becomes useless on defense.",analysis
This Pacers team has like 5 separate high energy 6th/7th man type players so the bench hangs in and sometimes wins when OKC is used to a hockey line change pushing a 5 point lead to 15.,analysis
"Hand offs, run Hali off-ball whenever possible, exploit OKC's super aggressive defense by attacking the overhelp, get the ball out of Shai's hands.",analysis
"Turner's play really stands out. Barely a play goes by without his spacing and screening opening things up for them. Haliburton's passing isn't as dazzling as Jokic's, but some of the transition passes show equally elite vision and skill.",analysis
"Pushing the pace is one thing I wish the Wolves would have done. We had so much trouble once they got set, but we always walked the ball up the court.",analysis
Rick Carlisle's stock is insane. This team kinda reminds me of the championship Mavs with Dirk — how their entire roster contributes in unique and effective ways.,hot_take
Framing the Denver series as a 'one man show' is such lazy analysis.,hot_take
